{
  "config": {
    "epochs": 3,
    "batch_size": 2,
    "learning_rate": 0.0001,
    "train_samples": 20,
    "val_samples": 8,
    "save_dir": "mock_checkpoints"
  },
  "train_losses": [
    6.9089690208435055,
    6.853421974182129,
    6.796991968154908
  ],
  "val_losses": [
    6.910543441772461,
    6.9109885692596436,
    6.9120951890945435
  ]
}