{
  "config": {
    "epochs": 3,
    "batch_size": 2,
    "learning_rate": 0.0001,
    "train_samples": 20,
    "val_samples": 8,
    "save_dir": "mock_checkpoints"
  },
  "train_losses": [
    6.908967018127441,
    6.853423023223877,
    6.796990203857422
  ],
  "val_losses": [
    6.91054379940033,
    6.910989165306091,
    6.912096261978149
  ]
}